{"cameraMode":{"drawMode":0,"name":"Shaded","section":"Shading Mode"},"sceneLighting":true,"audioPlay":false,"sceneViewState":{"showFog":true,"showMaterialUpdate":false,"showSkybox":true,"showFlares":true,"showImageEffects":true,"showParticleSystems":true},"in2DMode":false,"pivot":{"x":1.6878681182861329,"y":-1.1034722328186036,"z":-7.675586700439453},"rotation":{"x":-0.03451547399163246,"y":0.9269839525222778,"z":-0.08815127611160279,"w":-0.36295875906944277},"size":26.238933563232423,"orthographic":false}